"50s rockabilly hair";20
"laser hair removal rockford il";70
"chi rocket professional hair dryer";50
"rockabilly hair tutorial";110
"rockabilly hair tutorials";30
"rockabilly hair tutorial for short hair";10
"rockabilly hair tutorial for long hair";10
"brockway hair design";320
"vintage rock hair";10
"rockabilly hair clips";10
"hair salon rockwall";20
"hair salons rockford il";320
"hair salons in rocklin ca";50
"rock paper scissors hair salon";260
"rockabilly hair salon";50
"brockville hair salons";10
"hair salons rock hill sc";90
"hair salon rockville centre";40
"rockwall hair salon";30
"hair salons rockwall";20
"rock paper hair salon";30
"hair salons rockwall tx";70
"hair salons in rocky hill ct";40
"rockwall hair salons";90
"international hair salon rocky hill ct";20
"rock paper scissor hair salon";10
"hair salon in rockford il";20
"rocklin hair salons";40
"hair salons in rock hill sc";210
"rock star hair salon";70
"hair salons brockport ny";50
"rock your hair leave in conditioner";50
"80s rocker hair";110
"80s rock hair";110
"80s rockstar hair";30
"80s rock band hair";30
"80s rock hair bands";10
"80s hair rock";30
"japanese rockabilly hair";10
"rockabilly hairdos";70
"punk rock girl with flowers in my hair";10
"punk rocker with flowers in my hair lyrics";30
"punk rocker flowers in my hair";10
"punk rocker with flowers in my hair";50
"rocky mountain academy of hair skin and nails";30
"tigi rockaholic fun times flexible hairspray";10
"chris rock hair documentary full";20
"chris rock good hair full movie";50
"good hair chris rock full movie";30
"rockin rollers hair";20
"rocket hair dryer";10
"chi rocket low emf hair dryer";50
"chi rocket hair dryer";880
"chi rocket hair dryer reviews";90
"chris crocker hair flip";110
"chris rock good hair online";10
"chris rock hair documentary online";90
"chris rock documentary on hair";20
"chris rock good hair watch online";50
"good hair chris rock watch online";50
"good hair chris rock online";20
"hair chris rock";110
"rock hair scissors chicago";20
"rockabilly style hair";90
"rockabilly hair style";50
"rockabilly hair styles";90
"hair rockabilly";10
"rockabilly hair short";10
"short hair rockabilly style";10
"rockabilly men hair";30
"rockabilly hairdo";20
"rockabilly long hair";20
"rockabilly hair cut";40
"rockabilly hair for men";40
"rockabilly hair bows";20
"rockabilly hair cuts";30
"men rockabilly hair";10
"rockabilly hair girl";10
"male rockabilly hair";10
"rockabilly hair flower";10
"rockabilly facial hair";20
"rockabilly hair pomade";10
"rockabilly hair flowers";30
"rockabilly hair products";30
"rockabilly hair accessories";110
"rockabilly hair male";10
"rock your hair shampoo";70
"michael o rourke rock your hair";40
"rock your hair products";140
"rock your hair studios";40
"rock your hair powder";140
"punk rock chick with hair just like rihanna";10
"hairy bikers bierocks";10
"tigi rockaholic hairspray";40
"rock hard hair spray";10
"rockaholic hair spray";30
"brock beauty hair vitamins";10
"rocktan hair";10
"rock hard hair gel";30
"rock your hair hard gel";20
"rock and roll hair";210
"professor longhair rock n roll gumbo";40
"rock n roll hair";140
"hair rock bands";70
"rock band hair";20
"rock hair bands";30
"hair bands rock";20
"hair band rock";40
"hairdressers rockingham";10
"hairdresser rockhampton";10
"rock paper scissors hairdressers";10
"hair design team castle rock";30
"rocker chick hair";110
"rocker chic hair";70
"rock chick hair";20
"rock chick hair styles";10
"rock chic hair";10
"rock lee hair";70
"rock paper scissors hair studio";50
"glam rock hair studio";50
"punk rocker hair";50
"rocker hair styles";40
"rocker hair style";20
"rockers hair";10
"messy rocker hair";10
"indie rock hair";20
"j rock hair";10
"magenta rocky horror hair";30
"magenta hair rocky horror";10
"80s punk rock hair";20
"rockerbilly hair";10
"rocker hair";390
"rockabilly hair men";1000
"rocker girl hair";70
"punk rock girl hair";40
"girl rockstar hair";30
"punk rock hair for girls";10
"girl rocker hair";20
"rock girl hair";10
"rockabilly girl hair";50
"rockabilly red hair";30
"red rockabilly hair";10
"rockabilly hair women";50
"rockabilly hair for women";20
"hairy women rock tumblr";10
"rock and roll hair styles";20
"rockabilly hair bandana";70
"rockabilly bandana hair";40
"rockabilly hair and makeup";40
"rockabilly hair with bandana";40
"rockabilly makeup and hair";10
"manic panic rock n roll red on dark hair";30
"rockabilly short hair";110
"short rockabilly hair";70
"short rocker hair";40
"short hair rocks";40
"how to rock short hair";260
"rocker hair color ideas";10
"manic panic hair dye rockabilly blue";20
"rockabilly blue hair dye";30
"rockabilly hair dye";10
"punk rock hair dye";20
"rockabilly wedding hair";40
"kid rock short hair";40
"kid rock long haired country boy";30
"kid rock hair";50
"rockabilly hair with bangs";20
"hair extensions little rock ar";50
"black hair salons in little rock ar";30
"laser hair removal little rock";110
"african hair braiding rock hill sc";210
"african hair braiding in rock hill sc";50
"rocker hair cuts";30
"rock hair cuts";20
"big hair rock";10
"big hair rock bands";20
"how to rockabilly hair";40
"how to do rockabilly hair";90
"rockabilly hair how to";20
"how to get rockabilly hair";10
"curls rock hair products";10
"catwalk curls rock hair products";20
"catwalk hair products curls rock";20
"rock a billy hair";30
"rockabilly hair guys";20
"rockabilly mens hair";170
"mens rockabilly hair";30
"rockabilly hair mens";10
"blonde rockabilly hair";10
"hair art academy white rock";10
"laser hair removal white rock";10
"white rock hair salons";10
"pin up rockabilly hair";20
"rockabilly pin up hair";20
"easy rockabilly hair";110
"long rockabilly hair";10
"hair salons in round rock";90
"hair salon round rock";70
"round rock hair salon";90
"round rock hair salons";30
"hair salon round rock tx";170
"hair salons round rock tx";210
"laser hair removal round rock";40
"hair salons round rock";70
"the rock with hair";1000
"the rock hairline";50
"the hair rock";140
"the rock hair";210
"hair the american tribal love rock musical";70
"the rock hair salon st albert";10
"contesta rock hair new york";20
"rockabilly hair color";40
"punk rock hair color";20
"punk rock hair colors";20
"glam rock hair and makeup";10
"team rocket jessie hair down";70
"rocker haircuts";210
"rocker haircut";50
"rock style haircuts";40
"rocker girl haircuts";30
"punk rock haircuts for girls";20
"rocker haircuts for long hair";20
"rockstar haircuts";210
"rock haircuts for long hair";10
"rock and roll haircuts";90
"brock lesnar haircut";320
"rockabilly haircut";390
"punk rock haircuts";140
"punk rock pixie haircut";30
"rock haircuts";90
"rocker style haircuts";20
"crock pot spaghetti";6600
"crockpot chili";27100
"rockabilly girls";1600
"kids haircuts round rock";20
"rockabilly pompadour haircut";20
"punk rock haircuts for guys";70
"rocker haircuts for guys";40
"punk rock girl haircuts";20
"rock pixie haircut";10
"rocker haircuts for women";10
"haircut rockwall";30
"haircuts rockwall tx";50
"rock star haircuts";30
"rockabilly haircuts";170
"rockabilly mens haircut";20
"rockabilly haircuts men";30
"rockabilly mens haircuts";10
"rockabilly haircuts for men";20
"mens rockabilly haircuts";20
"rockabilly haircut men";20
"mens rockabilly haircut";10
"rockabilly haircut for men";10
"rock chick haircuts";10
"haircut rock hill sc";30
"the rock haircut";50
"punk rock hairstyles";1000
"rockabilly hairstyles long hair";90
"rockabilly hairstyles for long hair";50
"punk rock hairstyles for girls";50
"rock girl hairstyles";40
"punk rock hairstyle";90
"rockstar hairstyles for kids";20
"rockabilly womens hairstyles";70
"rockabilly hairstyles for men";90
"80s rock hairstyles";50
"hairstyles rock";10
"rock and roll hairstyles for girls";10
"rockstar hairstyles for girls";10
"rockabilly hairstyles for girls";10
"rocker hairstyles for girls";20
"rock hairstyles for girls";20
"female rockstar hairstyles";20
"female rocker hairstyles";30
"female rock hairstyles";20
"female rockabilly hairstyles";20
"crock pot recipes";301000
"crock pot chicken";74000
"crockpot chicken";49500
"painted rocks";4400
"rockabilly hair";3600
"rockabilly style";3600
"easy crock pot recipes";33100
"chicken crock pot recipes";40500
"crockpot recipes";49500
"rocket power";49500
"crockpot meals";27100
"crock pot chili";33100
"crockpot chicken recipes";33100
"crock pot pulled pork";27100
"crock pot roast";27100
"rock garden ideas";2400
"crock pot ribs";22200
"pulled pork crock pot";22200
"crockpot lasagna";22200
"moon rocks weed";33100
rockabilly;33100
"easy crockpot recipes";18100
"crock pot meals";18100
"rocker hairstyles";590
"rocker hairstyles for long hair";90
"rocker girl hairstyles";70
"rocker hairstyle";70
"rocker chick hairstyles";70
"punk rocker hairstyles";40
"80s rocker hairstyles";20
"rockers hairstyles";10
"rocker hairstyles for women";10
"rocker hairstyles for guys";40
"rocker hairstyles for men";30
"shaggy rocker hairstyles";30
"male rocker hairstyles";10
"rock n roll hairstyles";140
"keri hilson pretty girl rock hairstyles";10
"indie rock hairstyles";20
"rock chick hairstyles";30
"rock chic hairstyles";10
"rock chick hairstyles for long hair";10
"rock chick hairstyle";10
"rock chick hairstyles long hair";10
"modern rockabilly hairstyles";10
"1950s rockabilly hairstyles";20
"rock hairstyles";590
"rockabilly hairstyles";1600
"rock and roll hairstyles";210
"punk rock hairstyles for long hair";90
"rockabilly hairstyle";390
"punk rock girl hairstyles";70
"rockstar hairstyles";260
"rock hairstyles for long hair";50
"rock star hairstyles";260
"rock hairstyle";40
"mens rockabilly hairstyles";210
"rockstar hairstyles for long hair";40
"jrock hairstyle";30
"girl punk rock hairstyles";20
"rocking hairstyles";20
"how to do rockabilly hairstyles for long hair";20
"jrock hairstyles";20
"punk rock hairstyles long hair";20
"easy rockabilly hairstyles for long hair";20
"long punk rock hairstyles";20
"rock hairstyles for women";20
"simple rockabilly hairstyles";20
"rockabilly hairstyles men";90
"easy rockabilly hairstyles";50
"rockabilly hairstyles mens";70
"rockabilly wedding hairstyles";50
"how to do rockabilly hairstyles";50
"punk rock hairstyles for guys";110
"rock hairstyles long hair";10
"rockish hairstyles";10
"womens rock hairstyles";10
"rockabilly style hairstyles";10
"rocky hairstyles";10
"rock style hairstyles";10
"rock hairstyles for guys";70
"long hair rockabilly hairstyles";10
"rock band hairstyles";40
"rockabilly hairstyles with bandana";50
"rockabilly girl hairstyles";30
"rockabilly hairstyle men";30
"rockabilly hairstyles for guys";30
"mens rock hairstyles";40
"womens rockabilly hairstyles";30
"rockabilly hairstyles for women";30
"glam rock hairstyles";30
"punk rock hairstyles for men";40
"male rockabilly hairstyles";30
"rockabilly pin up hairstyles";20
"punk rock hairstyles for women";10
"long rock hairstyles";20
"rockabilly hairstyle women";20
"rock hairstyles for men";20
"hairstyle rock";10
"rockabilly hairstyles women";20
"rockabilly male hairstyles";20
"50s rockabilly hairstyles";20
"rockabilly mens hairstyles";30
"best rock hairstyles";10
"girl rockabilly hairstyles";10
"rock hairstyles men";20
"rock hairstyle men";10
"punk rock hairstyles men";10
"male rock hairstyles";10
"rockabily hairstyle";10
"rockstar hairstyles for men";10
"rockabilly hairstyle for men";10
"rockabilly hairstyles how to";10
"male rockstar hairstyles";10
"hairstyles for party frocks";10
"cool rocks";1900
"rock landscaping";1900
"crock pot chicken recipes";22200
"crock pot pot roast";18100
"crock pot lasagna";18100
"easy crockpot meals";12100
"rockford mugshots";90500
"short rockabilly hairstyles";110
"rockabilly short hairstyles";50
"rockabilly hairstyles short hair";50
"short punk rock hairstyles";50
"rockabilly hairstyles for short hair";90
"short rock hairstyles";50
"punk rock short hairstyles";30
"short rocker hairstyles";90
"rock chick hairstyles for short hair";10
"rocker hairstyles for short hair";30
"punk rock hairstyles for short hair";40
"rock hairstyles for short hair";20
"short rocker haircuts";40
"short rockabilly haircuts";40
"short punk rock haircuts";40
"punk rock short haircuts";40
