"punk rocker chick";30
"rockabilly short hairstyles";50
"rockabilly hair cuts";30
"mens rocker style";20
"punk rock woman";30
"rockabilly hair guys";20
"rockabilly hairstyles mens";70
"rock girl style";30
"rockstar with long black hair";70
"rocker chic hair";70
"rockabilly hairstyles for men";90
"rockabilly hair styles for men";90
"rockabilly mens hairstyles";30
"rock bowls";40
"rockers hairstyle";10
"rock hair color";40
"rock and bowl";1900
"pictures of punk rockers";50
"rockabilly updo";70
"rockabilly hair for men";40
"rockabilly facial hair";20
"rock your locks";2400
"punk rock outfits for women";10
"blonde rockabilly hair";10
"rock an bowl";70
"punk rock bob haircuts";70
"rock punk hairstyles";40
"asap rocky braids";3600
"asap rocky hair";2900
"punk rock hairstyles";1000
"what kind of braids does asap rocky have";880
"asap rocky long hair";880
"rock hairstyles";590
"rocker hairstyles";590
"what are asap rocky braids called";590
"rock hairstyles long hair";10
"rock and roll hairstyles for women";10
"rock hair men";10
"rock girl hair";10
"punk rock hairstyles for women";10
"rock chic hairstyles";10
"rock chick hairstyles for long hair";10
"punk rock girl look";10
"rockish hairstyles";10
"womens rock hairstyles";10
"punk rock spiked hair";50
"style punk rock";10
"rocker styles";20
"pictures of female punk rockers";90
"cute rocker guys";20
"punk rock styles";40
"how to rock short hair";260
"punk rocker pictures";20
"rock long hair";90
"female rock hairstyles";20
"rocker hair styles";40
"how to rock a shaved head woman";70
"rock in bowl";50
"rock & bowl";50
"kids haircuts round rock";20
"rockabilly hairstyles for long hair";50
"rockabilly bandana hairstyles";30
"womens rockabilly hairstyles";30
"easy rockabilly hairstyles for long hair";20
"short rockabilly hairstyles";110
"rockabilly hairstyles long hair";90
"rockabilly bandanas";10
"rock green";40
"rockabilly hairstyles for short hair";90
"rockabilly bandana hair";40
"punk rock hair cut";90
"punk rock short hairstyles";30
"rocky hairstyle";90
"dark green rock";50
"easy rockabilly hairstyles";50
"short punk rock hairstyles";50
"indie rock hairstyles";20
"curly girls rock";40
"punk rock hairstyles for long hair";90
"how to do rockabilly hairstyles for long hair";20
"rockstar ponytail hairstyle";70
"punk rock hairstyles men";10
"punk rock haircuts for girls";20
"vintage rockabilly hairstyles";90
"punk rock long hairstyles";90
"how to braid your hair like asap rocky";40
"punk rock hairstyles for short hair";40
"rock and roll haircuts";90
"asap rocky hairstyle name";140
"rock and roll hair styles";20
"rock hair styles";40
"rock hair color ideas";50
"rock haircuts";90
"rockabilly pin up hairstyles";20
"rock stars with curly hair";70
"punk rock haircuts";140
"punk rock haircut";110
"rockabilly haircuts for women";50
"punk rock hair color";20
"baby boy rocker";70
"girl punk rock hairstyles";20
"punk rock hair girl";90
"hairstyle with frock";90
"how to rock a pixie cut";90
"punk rock colors";90
"light green rock";70
"blue green rock";50
"rock style hair";30
"rock short hair";70
"short hair rock";70
"how to rock a middle part";260
"short rock hair";10
"women of punk rock";20
"punk rock females";20
"women in punk rock";30
"black woman rockin short natural hair";90
"asap rocky cornrows";50
"asap rocky french braids";480
"how to braid hair like asap rocky";90
"asap rocky braids style";90
"rockabilly quiff";30
"rockabilly flat top haircut";90
"rockabilly bandana short hair";70
"the rock beard";390
"rockabilly hairstyles with bangs";70
"rockabilly clothes mens";40
"punk rock hair cuts";30
"you rock man";20
"rockabilly pin up hair";20
"rockabilly top 10";10
"rockabilly top";70
"rockabilly male clothing";10
"simple rockabilly outfits";70
"rock hair cuts";20
"rockabilly wigs";50
"rocker hair style";20
"rock a billy look";70
"guys rockabilly clothing";20
"rockabilly pics";50
"rockabilly hairstyles for girls";10
"how to rockabilly";10
"pin up rockabilly hair";20
"best rock hairstyles";10
"rockabilly hair tutorial for long hair";10
"images of rockabilly";90
"images rockabilly fashion";50
"rockabilly clothing for men";110
"rockabilly hair with bangs";20
rockabillyhair;90
"glam rock hairstyles";30
"what is rockabilly";70
"rockabilly look";90
"the rock with long hair";90
"rock hairstyles for long hair";30
"rock and roll hairstyles";140
"punk rocker hairstyles";30
"modern rockabilly";30
"rockabilly boy names";90
"how to get the rockabilly look";90
"rockabilly style";480
"short rock hairstyles";30
"rockabilly hairdos";90
"haircut rock";90
"rockabilly fashion men";90
"rockabilly greaser";90
"1950s rockabilly hairstyles";30
"how to do rockabilly hair";40
"50s rockabilly hairstyles";30
"rockabilly hair pomade";90
"mens rockabilly look";90
"rockabilly ladies hairstyles";90
"rockabilly hair";720
"short rockabilly hair";30
"rockabilly men";110
"rock hairstyles for men";90
"rockability hair";90
"rocka billy hair";90
"rockabilly for men";90
"mens rockabilly";20
"rock hairstyle";10
"rockabilly mens fashion";30
"how to do rockabilly hairstyles";20
"rockabilly short hair";20
"rockabilly pomp";10
"rockabilly guy";20
"rockabilly hairstyles";720
"rockabilly hair styles";40
"rockabilly male";20
"rockabilly guys";20
"rockabilly pompadour";10
"pompadour rockabilly";10
"rockabilly hair style";10
"rockabilly costume ideas";10
"rock a billy";260
"rockabilly style for women";10
"ragner lothbrock";90
"style rockabilly";20
"rockabilly looks";10
"mens rock hairstyles";10
"modern rockabilly style";10
"mens rockabilly style";10
"rockabilly styles";10
"rockabilly style mens";10
"male rockabilly style";10
"rockabilly hair men";90
"rockabilly haircut";70
"mens rockabilly hairstyles";10
"rockabilly hairstyle";20
"hairstyle rockabilly";50
"modern rockabilly hair";50
"rockabilly hair boy";70
"rockabilly men hairstyle";70
"rockabilly guy hairstyles";50
"rockabilly fade";50
"how to rock a buzz cut";50
"rockabilly cut";70
"short rockabilly hair men";50
"rockabilly haircuts";170
"rockabilly mens haircut";20
"men rockabilly hair";10
"rockabilly hairstyle men";30
"rockabilly hairstyles for guys";30
"rockabilly hairstyles men";90
"mens rockabilly hair";30
"rockabilly men hair";30
"rockabilly haircuts men";30
"mens rockabilly haircut";10
"rockabilly hair mens";10
"male rockabilly hair";10
"men's rockabilly hair";320
"rockabily hairstyle";10
"rockabilly mens haircuts";10
"rockabilly hairstyle for men";10
"modern rockabilly hairstyles";10
"rockabilly hair cut";40
"rockabilly male hairstyles";20
"rockabilly hair man";90
"rockabilly haircuts for men";20
"rockabilly haircut for men";10
"male rockabilly hairstyles";30
"rockabilly hair male";10
"mens rockabilly haircuts";20
"rockabilly mens hair";170
"rockabilly haircut men";20
"rockabilly pompadour hairstyle";70
"rockabilly pompadour haircut";20
"hair rockabilly";10
"rock a belly hairstyles";50
"how to rock a receding hairline";70
"rock hairstyle men";10
"asap rocky with long hair";70
"greaser rockabilly";20
"asap rocky dreads";480
"ragnar lothbrock";260
"rocker haircuts";210
"men's rockabilly style";140
"50s rocker look";10
"rockabilly modern";10
"rockabily style";10
"rockabilly fashion for men";10
"rockabilly style hairstyles";10
"rockabilly hair short";10
"rockabilly hair tutorial for short hair";10
"rocky hairstyles";10
"rocker hair color ideas";10
"rock style hairstyles";10
"long rockabilly hair";10
"top rockabilly";10
"rockabilly male fashion";10
"hairstyle rock";10
"rockers hairstyles";10
"rockabilly style guide";10
"rockerbilly hair";10
"male rock hairstyles";10
"rockabilly look men";10
"long hair rockabilly hairstyles";10
"rockabilly mens clothes";10
"rockabilly for guys";10
"short hair rockabilly style";10
"rockabilly wedding hairstyles";50
"rockabilly wedding hair";40
"how to do asap rocky braids";50
"how many braids does asap rocky have";70
"rockin man";40
"male rockabilly clothing";20
"rockabilly fashion mens";20
"the rockabilly";50
"rockabilly clothing for guys";30
"rockabilly hair products";30
"rockabilly men fashion";10
"modern rockabilly fashion";20
"rockabilly long hairstyles";70
"suavecito pomade rockabilly pomp";10
"rockabilly pomade";50
"rockabilly style mens clothing";50
"men rockabilly";20
"mens rockabilly fashion";40
"rockabilly mens";30
"rock beard styles";90
"short hair rockabilly";50
"punk rock haircuts for guys";70
"punk rock hairstyles long hair";20
"modern rockabilly clothing";30
"long rockabilly hairstyles";70
"easy rockabilly hair";110
"rockabilly hairstyles for women";30
"rockabilly hairstyles how to";10
"how to get rockabilly hair";10
"rockabilly curly hairstyles";90
"rockabilly men style";30
"medium punk rock hairstyles";90
"rockabilly blonde";70
"rockabilly long hair";20
"rockin roses";50
"rockabilly style hair";90
"rockabilly hairstyle women";20
"asap rocky hairstyle pictures";50
"easy rockabilly outfits";70
"what is rockabilly style";40
"long rock hairstyles";20
"rocker haircuts for guys";40
"rockabily hair";20
"long rocker hairstyles";40
"rock a billy hair";30
"rockabilly mens style";40
"rockabilly style for men";90
"rockabilly style men";70
"hairstyles rockabilly";90
"rockabilly hair gel";40
"how to look rockabilly";50
"rockabilly boys";50
"short rocker hair";40
"rockabilly boy";50
"rockabilly hairdo";20
"how to rock a beard";90
"mens punk rock hairstyles";70
"rockabilly look for men";50
"long hair rocker";70
"ragnar lodbrock";70
"rockabilly hairstyles women";20
"what is a rockabilly";90
"rockabilly man";50
"rockerbilly style";50
"rockability style";10
"rock style haircuts";40
"rock a billy style";20
"how to do rockabilly hairstyles for short hair";70
"rockabilly comb over";50
"rocker hair cuts";30
"rocker haircut";50
"50s rockabilly style";30
"rock hairstyles men";30
"crock pot roast pepperoncini peppers";50
"3 leaf shamrock";30
"girl rock hairstyles";70
"crock pot beef tacos";320
"chelsea crockett age";320
"rocker hairstyles for girls";20
"beef tacos crock pot";70
"rock and roll hairstyles for girls";10
"how to rock a bandana";70
"crock pot roast with pepperoncini";480
"crockett braids";320
"crockpot beef tacos";170
"pepperoncini roast crock pot recipe";20
"rocker girl hairstyles";70
"how to rock a headband";40
"rocker ponytail hairstyles";70
"brocklyn and bailey";90
"pepperoncini crock pot roast";40
"edgy rocker hairstyles";50
"rock chick pics";90
"sexy punk rock";20
"diy rockabilly costume";50
"punk rocker makeup ideas";10
"sexy rock chic";40
"rock pin up girl";10
"rockabilly hair flowers";30
"rocker girl party";70
"rock your hair leave in conditioner reviews";70
"rockstar haircuts";210
"50s rock and roll makeup";50
"rock and roll hairstyles men";70
"shaggy rocker hairstyles";30
"curly rocker hair";90
"punk rock hair";480
"rocker hair";390
"punk rock fashion tips";10
"rockstar hair styles";10
"rockabilly hair dye";10
"rock chic hair";10
"rockabilly pin up style";10
"girl rockabilly hairstyles";10
"rockstar hairstyles for girls";10
"sexy punk rocker";20
"80s punk rock hair";20
"punk rocker style";20
"how to rock the middle part";70
"hair that rocks";90
"rockabilly hair flower";10
"rockabilly hair and makeup";40
"rockabilly red hair";30
"rockabilly makeup tutorial";50
"diy rockabilly headband";40
"rockabilly pin up girls";50
"rockabilly pinup girls";20
"hair cut round rock";50
"pin up girl rockabilly";10
"rock your hair hairspray reviews";50
"rockabilly pin up models";90
"short hair rocks";40
"rockabilly hairstyle tutorial";90
"rock hair products";40
"rockabilly pinup girl";10
"how to do rockabilly makeup";20
"rockabilly pin up girl";140
"rock your hair reviews";50
"rockabilly pin up pictures";10
"rockabilly hair tutorial";110
"pin up rockabilly style";10
"crocket braids";260
"rock shag";70
"rock ebony hair salon";50
"punk rock pixie haircut";30
"rockabilly bridal hair";50
"simple long frocks";50
"rock your hair shampoo reviews";40
"rock your hair products review";90
"like a shag on a rock";90
"rock star haircuts";30
"bombshell hair white rock";50
"short people rock";10
"rockstar hairstyles";260
"rockabilly updos";20
"rockin bobs";90
"frock of hair";90
"rock chick looks";30
"how to look punk rock";20
"rockabilly ponytail";90
"rock star hairstyles";30
"long haired rockers";90
"rockabilly fringe";90
"rockabilly pin up makeup";90
"rock ponytail hairstyles";90
"medium length rock chick hairstyles";90
"punk rock girl hair";90
"rock chick hairstyles";210
"rock chick hair cuts";40
"rocker pixie cut";90
"rock chick hair";480
"messy rocker hair";90
"ladies rockabilly hairstyles";90
"rock n roll hairstyles";70
"rock chick hair ideas";90
"rock n roll haircuts";90
"punk rocker look";10
"black hair rocks";10
"rocker girl hair";10
"rockabilly pinups";10
"punk rock fashion for girls";10
"mods and rockers hairstyles";10
"rockabilly girl hair";10
"rockabilly hair for girls";10
"rockabilly style women";20
"how to be a rockabilly";50
"psycho rockabilly";10
"rockstar hair products";70
"rock and roll look";70
"womens rockabilly style";10
"rock star hair extensions";20
"rockstar parts";90
"dolly rocker kids";10
"how to rock a snapback with short hair";90
"rockstar hair extensions";40
"kelly lebrock pantene";10
"rock star hair";30
"rock hairstyles for women";20
"rock hard hair gel";30
"80s rocker chick hair";70
"rocker chic hairstyle";10
"brock ciarlelli age";880
"sonia rockwell";320
"glam rock makeup ideas";10
"rock hard hair spray";10
"how to rock red lipstick";70
"short punk rock haircuts";40
"rocker prom dresses";30
"chris rock's good hair";70
"rockwell welch";90
"glam rock make up";40
"glam rock hair";50
"finn wittrock";1000
"glam rock makeup";140
"brock ciarlelli";320
"rocker hairstyles for short hair";30
"hairstyles rock";10
"the rock hair style";90
"1950s mens fashion rock roll";20
"how to rock your short hair";70
"rock beard";90
"the rock hairline";50
"the rock haircut";50
"50s rock n roll hairstyles";90
"1950 rock and roll mens fashion";70
"how to rock a mustache";40
"rockabilly updo styles";70
"rocker haircuts for long hair";20
"female rockstar hairstyles";20
"rockabilly hair girl";10
"girl rocker hair";20
"rocker chick hair";110
"simple rockabilly hairstyles";20
"rockabilly womens hairstyles";70
"rockstar hairstyles for long hair";40
"rocker hairstyles for long hair";90
"rock chick hairstyles for short hair";10
"rock girl hairstyles";40
"short rockabilly haircuts";40
"rock chick hair styles";10
"punk rock girl haircuts";20
"rocker short hairstyles";50
"short punk rock girl hairstyles";90
"rock chick hairstyle";10
"short punk rock hair";20
"short hair rockabilly hairstyles";40
"punk rock girl hairstyles";70
"punk rock hairstyles for girls";50
"rock chick haircuts";10
"rock hairstyles for short hair";20
"rockabilly hair for women";20
"rockabilly hairstyles short hair";50
"hairstyles rock chick";10
"rock hairstyles for medium hair";10
"punk rock hairstyles for guys";110
"rocker hairstyles for women";10
"rocker haircuts for women";10
"rockstar hairstyles for men";10
"rock chick hairstyles long hair";10
"rock hairstyles for girls";20
"rockstar hairstyles for little girls";40
"rock haircuts for long hair";10
"rockabilly hair women";50
"rockstar hairstyles for kids";20
"rockstar hairstyle";40
"rockabilly womens hair";50
"punk rock hair for girls";20
"rockabilly girl hairstyles";30
"short rocker hairstyles";90
"long punk rock hairstyles";20
"punk rock hair style";20
"rockstar short hair";90
"rocker hairstyle";70
"punk rock short haircuts";40
"rockabilly women";260
"blonde rockabilly";70
"rock haircut";30
"rockabilly hair updo";70
"rock curly hair";90
"punk rock hairstyle";90
"punk rocker hair";50
"punk rock hair styles";50
"punk rock hair colors";20
"hair rock";170
"red rockabilly hair";10
"rockabilly hair color";40
"punk rock hair dye";20
"how to rockabilly hair";40
"rockabilly ladies";20
"female rockabilly hairstyles";20
"the rock hairstyles";40
"rockabilly hair how to";20
"rockabilly outfit ideas";50
"rockers with long hair";70
"rock hairstyles for guys";70
"male rockstar hairstyles";10
"rockstar haircuts guys";70
"female rocker hairstyles";30
"rockabilly hair with bandana";40
"50s rockabilly hair";20
"rock chick images";10
"cute rocker chick";90
"frock hairstyle";70
"hairstyle for frock";50
"rock & roll hairstyles";40
"rocker hairstyles for guys";40
"punk rock hair men";20
"rocker hairstyles for men";30
"punk rock guy";140
"punk rock guys";140
"male rocker hairstyles";10
"brock lesnar haircut name";50
"punk rock guys style";90
"punk rock style for guys";20
"rockabilly style man";70
"blonde rock chick";10
"rock pixie haircut";10
"rock band hairstyles";40
"pixie rock";50
"rock star boys names";70
"rock your hair volumizing spray";90
"indie rock style men";70
"rock star boy names";20
"rockstar boy names";90
"rockstar kids names";70
"rockabilly hair bangs";50
"leather rock bracelets";30
"indie rock hair";20
"rockport men's loafers";390
"rock star hair cuts";20
"rockport mens loafers";30
"got2b rockin it wax";50
"rock goatee";70
"rockport tassel loafers";40
"80s rocker hairstyles";20
"rockstar hair men";70
"got2b rockin it gel";50
"men rock";20
"best of rockabilly";10
"best rockabilly";70
"japanese rockabilly hair";10
"rockabilly jeans for guys";70
"men rock style";50
"rock stars with mohawks";40
"1950s rock and roll hairstyles";50
"rock men";30
"black girls rock hairstyles";50
"how to rock a bald head female";70
"rocking hairstyles";20
"rocker chic hairstyles";50
"short rocker haircuts";40
"asap rocky without braids";110
"rock ponytail";40
"asap rocky straight hair";210
"asap rocky with his hair out";50
"how to rock blonde hair";20
"asap rocky formal";50
"rocker chick hairstyles";70
"rockabilly blue hair dye";30
"rock star toes";30
"punk rock leather";90
"rockabilly prom dresses";140
"indie rock style clothing";20
"rag bone rock with holes";40
"rag & bone rock with holes";10
"rock style tumblr";20
"rag and bone rock with holes";40
"punk rock spikes";20
"indie rock fashion";70
"indie rock clothes";20
"rag and bone skinny rock with holes";10
"indie rock clothing";50
"rock fashion tumblr";30
"ladies long frock";90
"retro rockabilly hairstyles";70
"classic rock hairstyles";70
"asap rocky bandana";90
"colton rock";50
"rocky bun";50
"rocky hair";30
"asap rocky look";90
"rockabilly pinterest";20
"tumblr rockabilly";70
"rockabilly colors";70
"how to rock bangs";50
"rocker girl haircuts";30
"blonde rockers";20
"define rockabilly";170
"1980s rock stars";70
"how to rock box braids";10
"funky rocker";260
"hairstyles for party frocks";10
"rockabilly hairstyles with bandana";50
"short sexy hair rocked out";40
"rocker style haircuts";20
"laser hair removal rockford il";70
"chi rocket professional hair dryer";50
"rockabilly hair tutorials";30
"brockway hair design";320
"vintage rock hair";10
"rockabilly hair clips";10
"hair salon rockwall";20
"hair salons rockford il";320
"hair salons in rocklin ca";50
"rock paper scissors hair salon";260
"rockabilly hair salon";50
"brockville hair salons";10
"hair salons rock hill sc";90
"hair salon rockville centre";40
"rockwall hair salon";30
"hair salons rockwall";20
"rock paper hair salon";30
"hair salons rockwall tx";70
"hair salons in rocky hill ct";40
"rockwall hair salons";90
"international hair salon rocky hill ct";20
"rock paper scissor hair salon";10
"hair salon in rockford il";20
"rocklin hair salons";40
"hair salons in rock hill sc";210
"rock star hair salon";70
"hair salons brockport ny";50
"rock your hair leave in conditioner";50
"80s rocker hair";110
"80s rock hair";110
"80s rockstar hair";30
"80s rock band hair";30
"80s rock hair bands";10
"80s hair rock";30
"punk rock girl with flowers in my hair";10
"punk rocker with flowers in my hair lyrics";30
"punk rocker flowers in my hair";10
"punk rocker with flowers in my hair";50
"rocky mountain academy of hair skin and nails";30
"tigi rockaholic fun times flexible hairspray";10
"chris rock hair documentary full";20
"chris rock good hair full movie";50
"good hair chris rock full movie";30
"rockin rollers hair";20
"rocket hair dryer";10
"chi rocket low emf hair dryer";50
"chi rocket hair dryer";880
"chi rocket hair dryer reviews";90
"chris crocker hair flip";110
"chris rock good hair online";10
"chris rock hair documentary online";90
"chris rock documentary on hair";20
"chris rock good hair watch online";50
"good hair chris rock watch online";50
"good hair chris rock online";20
"hair chris rock";110
"rock hair scissors chicago";20
"rockabilly hair bows";20
"rockabilly hair accessories";110
"rock your hair shampoo";70
"michael o rourke rock your hair";40
"rock your hair products";140
"rock your hair studios";40
"rock your hair powder";140
"punk rock chick with hair just like rihanna";10
"hairy bikers bierocks";10
"tigi rockaholic hairspray";40
"rockaholic hair spray";30
"brock beauty hair vitamins";10
"rocktan hair";10
"rock your hair hard gel";20
"rock and roll hair";210
"professor longhair rock n roll gumbo";40
"rock n roll hair";140
"hair rock bands";70
"rock band hair";20
"rock hair bands";30
"hair bands rock";20
"hair band rock";40
"hairdressers rockingham";10
"hairdresser rockhampton";10
"rock paper scissors hairdressers";10
"hair design team castle rock";30
"rock lee hair";70
"rock paper scissors hair studio";50
"glam rock hair studio";50
"rockers hair";10
"j rock hair";10
"magenta rocky horror hair";30
"magenta hair rocky horror";10
"girl rockstar hair";30
"hairy women rock tumblr";10
"rockabilly hair bandana";70
"rockabilly makeup and hair";10
"manic panic rock n roll red on dark hair";30
"manic panic hair dye rockabilly blue";20
"kid rock short hair";40
"kid rock long haired country boy";30
"kid rock hair";50
"hair extensions little rock ar";50
"black hair salons in little rock ar";30
"laser hair removal little rock";110
"african hair braiding rock hill sc";210
"african hair braiding in rock hill sc";50
"big hair rock";10
"big hair rock bands";20
"curls rock hair products";10
"catwalk curls rock hair products";20
"catwalk hair products curls rock";20
"hair art academy white rock";10
"laser hair removal white rock";10
"white rock hair salons";10
"hair salons in round rock";90
"hair salon round rock";70
"round rock hair salon";90
"round rock hair salons";30
"hair salon round rock tx";170
"hair salons round rock tx";210
"laser hair removal round rock";40
"hair salons round rock";70
"the rock with hair";1000
"the hair rock";140
"the rock hair";210
"hair the american tribal love rock musical";70
"the rock hair salon st albert";10
"contesta rock hair new york";20
"glam rock hair and makeup";10
"team rocket jessie hair down";70
"brock lesnar haircut";320
"crock pot spaghetti";6600
"crockpot chili";27100
"rockabilly girls";1600
"haircut rockwall";30
"haircuts rockwall tx";50
"haircut rock hill sc";30
"80s rock hairstyles";50
"crock pot recipes";301000
"crock pot chicken";74000
"crockpot chicken";49500
"painted rocks";4400
"easy crock pot recipes";33100
"chicken crock pot recipes";40500
"crockpot recipes";49500
"rocket power";49500
"crockpot meals";27100
"crock pot chili";33100
"crockpot chicken recipes";33100
"crock pot pulled pork";27100
"crock pot roast";27100
"rock garden ideas";2400
"crock pot ribs";22200
"pulled pork crock pot";22200
"crockpot lasagna";22200
"moon rocks weed";33100
rockabilly;33100
"easy crockpot recipes";18100
"crock pot meals";18100
"keri hilson pretty girl rock hairstyles";10
"jrock hairstyle";30
"jrock hairstyles";20
"punk rock hairstyles for men";40
"cool rocks";1900
"rock landscaping";1900
"crock pot chicken recipes";22200
"crock pot pot roast";18100
"crock pot lasagna";18100
"easy crockpot meals";12100
"rockford mugshots";90500
"how to cut rockabilly bangs";90
"how to rock black hair";50
"curly hair rocks";70
"cute punk rock girls";50
"rockabilly bangs";260
"rock chick fringe";70
"sexy punk rock girls";50
"punk rock style for girls";10
"rockabilly pin up girl pictures";10
"punk rock girl style";30
"punk rock style girl";30
"rockabilly girl pics";10
"sexy rocker guys";90
"rock shades";70
"rockabilly curls";20
"50 rockabilly hair and makeup";90
"i rock the party that rocks the body";110
"diy rockabilly hair";70
"70s rock chick";10
"edgy rocker style";30
"rock concert hair";40
"how to rock a snapback with long hair";90
"rockstar look for men";10
"older women rock and roll";50
"rock style images";90
"rock chick look images";90
"rock boy image";90
"rock style for girls";90
"punk rocker girl";10
"rock punk style";10
"short frock style";10
"maxi style frocks";10
"nice long frocks";50
"punk rock tattoo ideas";90
"rock your hair big hair powder";90
"short hair rocks t shirt";90
"rock your hair";1300
"rock your hair studio";40
"rockabilly hipster";30
"hot rockabilly guys";30
"1950s rockabilly";50
"chi rocket";260
"chi rocket low emf";140
"chi rocket dryer";70
"chi rocket blow dryer";140
"crock flat iron";20
"little rock african hair braiding";70
"african braiding in little rock ar";50
"african hair braiding little rock arkansas";50
"african hair braiding little rock";260
"african hair braiding little rock ar";480
"african braiding little rock ar";50
"hair braiding little rock ar";50
"rock your hair gel";50
"rock n roll is here to stay";210
"rockaholic groupie";20
"rockabilly baby boy";20
"shamrock ribbon";70
"shamrock headband";90
"glam i rock";50
"shamrock hair accessories";90
glam.i.rock;50
"blonde female rock stars";10
"rockstar chick";70
"rock chick girl";90
"rock chick fashion ideas";10
"rocks hair denmark hill";70
"red rock salon";210
"tommy rocks";40
"rock ebony";10
"rock chick";9900
"rocker chick";880
rock-chick;590
"rocker chicks";260
"rock style for women";10
"how to get the rock chick look";10
"black rock chicks";10
"rock chick pictures";70
"blonde rocker girl";20
"female rocker";90
"chick rock";50
"blackrock hairdressers";10
"rock chick 6";40
"rock chick 4";70
"rock girl pictures";10
"how to be a rock chick";70
"best rock chicks";70
rockchick;40
"rocker chick look";40
"the rock chick";10
"how to be a rocker chick";20
"rock styles";50
"black rock hair";70
"rock chik";50
"best female rocker";10
"dina lohan rockette";30
"rock style photos";90
"vintage rocks";260
"rock hair";90
"brockles penrith";260
"rock n rollers hairdressers glasgow";90
"rock chick look";880
"rock chic";320
"rock chick style";110
"rock chick wedding";90
"brock o hurn";22200
"rock style men";50
"rock your hair size matters";50
"brock o";170
"brock o hearn";320
"brock hair products";90
"brock hurn";720
"brock hair";90
"modern rockabilly music artists";90
"little girl rockabilly";70
"rockabilly themed party ideas";50
"rockabilly themed party";30
"rockabilly names";140
"womens rockabilly";10
"female rockabilly style";10
"rockabilly style girl";10
"rockabilly woman";50
"rockabilly female";20
"female rockabilly";70
"rockabilly era";70
"undercut rocks";90
"rockabilly theme party";50
"modern rockabilly music";30
"rockabilly womens style";70
"how to be rockabilly";30
"rockabilly images";30
"rockabilly female style";10
"rockabilly fashion women";10
"how to rock beanies";90
"how to rock a beanie";170
"rocket from suckerpunch";10
"rock chic makeup";10
"how to dress rocker chic style";90
"rock chick makeup images";90
"rocket from sucker punch";40
"rocket in sucker punch";90
"rock chic look";70
"kristen rock";40
"rock chick eye makeup";70
"chic rock style";10
"rock chic style";90
"what is asap rocky";40
"images of asap rocky";320
"asap rocky s";20
"rockstar hair gel";90
"pic of asap rocky";20
"asap rocky singles";90
"asap rocky inspiration";90
"asap rock";1900
"asap rocky herringbone";50
"asap rocky style";1600
"asap rocky name";590
"asap rocky hat";170
"asap rocky cap";10
"asap rocky short";10
"rock asap";10
"asap rocky dress sense";10
"asap rocky before";90
"90s punk rock fashion";30
"asap rocky cool";70
"asap rocky accessories";20
"how to rock a bald head";50
"how to be like asap rocky";20
"rockabilly sideburns";30
"asap rocku";50
"aspa rock";10
"asap rockey";90
"rockabilly clothing ideas";10
"jrock hair";50
"punk rock mohawk";110
