http://therighthairstyles.com/30-great-short-hairstyles-for-black-women/;"#2: African American Queen";"Short hairstyles for black women are killing the hair game lately - this look is leading the pack. The side part of this gorgeous bob sits lower than your average side part for a statement sweep that speaks chic and perfection.";http://i1.wp.com/therighthairstyles.com/wp-content/uploads/2013/11/2-black-sideparted-bob.jpg?w=500;"Black Side-Parted Bob";https://www.instagram.com/p/BAQD8fiBjv6/
http://therighthairstyles.com/30-great-short-hairstyles-for-black-women/;"#3: Short, Black, and Choppy";"The wonderful side effect that accompanies short haircuts is the attention they draw to your whole look. A choppy pixie reveals your inner sassy girl. It's fun, playful, sexy and low maintenance. What else could you expect from a cut?";http://i1.wp.com/therighthairstyles.com/wp-content/uploads/2013/11/3-black-choppy-pixie.jpg?w=500;"Black Choppy Pixie";https://www.instagram.com/p/4rPKA5uC3U/
http://therighthairstyles.com/30-great-short-hairstyles-for-black-women/;"#4: Black Phoenix";"Like the avian creature from the legend, this hair is on fire! Unleash your inner Phoenix and let the pigeons, eagles and doves of the world quiver in your presence. This phenomenal hairstyle is not a mere hairstyle, but a statement piece.";http://i2.wp.com/therighthairstyles.com/wp-content/uploads/2013/11/4-red-pixie-for-black-women.jpg?w=500;"Red Pixie For Black Women";https://www.instagram.com/p/BBng4S4hplw/
http://therighthairstyles.com/30-great-short-hairstyles-for-black-women/;"#5: Black Royalty";"Short haircuts for black women are stylish and appealing even in their shortest lengths. The feathered pieces settle well and create a vision of textured flawlessness.";http://i0.wp.com/therighthairstyles.com/wp-content/uploads/2013/11/5-pixie-hairstyle-for-black-women.jpg?w=500;"Pixie Hairstyle For Black Women";https://www.instagram.com/p/_knpMvhjvt/
http://therighthairstyles.com/30-great-short-hairstyles-for-black-women/;"#6: Curly Pixie Haircut";"Here's another cute pixie variety to add to the stock of classy black women hairstyles. This curly style is neat and discreet, but it oozes good taste and sophistication.";http://i2.wp.com/therighthairstyles.com/wp-content/uploads/2013/11/11-black-curly-pixie.jpg?w=500;"Black Curly Pixie";https://www.instagram.com/p/2JoWyaDl7Q/
http://therighthairstyles.com/30-great-short-hairstyles-for-black-women/;"#7: Black Beauty";"This style gives the 'Jersey Bump' a run for its money. While not as extreme as the famed 'bump', this fluff takes a typical African American hairstyle and adds a little flavor. Accomplish this by fluffing the back of your crown. Whip it real good.";http://i2.wp.com/therighthairstyles.com/wp-content/uploads/2013/11/12-disheveled-pixie-for-thick-hair.jpg?w=500;"Disheveled Pixie For Thick Hair";https://www.instagram.com/p/BAspvqnDl93/
http://therighthairstyles.com/30-great-short-hairstyles-for-black-women/;"#8: Spiral Ombre Hairstyle";"The look right here gives a new meaning to 'fiery.' The blonde spirals offer the flame effect encouraged by the glorious texture. Get to your hair stylist and have her layer your locks, girl.";http://i0.wp.com/therighthairstyles.com/wp-content/uploads/2013/11/13-two-tone-short-curly-hairstyle.jpg?w=500;"Two Tone Short Curly Hairstyle";https://www.instagram.com/p/BBqSV14AoaH/
http://therighthairstyles.com/30-great-short-hairstyles-for-black-women/;"#9: Short Maroon Tresses";"Not only is the style spunky, the color sets you apart from other black women. Short hairstyles with a tapered silhouette are popular among African American beauties with thick hair. If you have a similar cut, why not visit the barber and get him to refresh your look by lining you up?";http://i2.wp.com/therighthairstyles.com/wp-content/uploads/2013/11/14-short-tapered-hairstyle-for-black-women.jpg?w=500;"Short Tapered Hairstyle For Black Women";https://www.instagram.com/p/2HakolhjpN/
http://therighthairstyles.com/30-great-short-hairstyles-for-black-women/;"#10: Rosewood Ombre Hairstyle";"The days of subtle highlights are gone with the wind. Bring out the color of your skin tone with an exquisite rosewood dye job. Also, keep them guessing with a side swept bang - they don't need to know what's behind that veil. Not yet.";http://i0.wp.com/therighthairstyles.com/wp-content/uploads/2013/11/9-African-American-asymmetrical-bob.jpg?w=500;"African American Asymmetrical Bob";https://www.instagram.com/p/_Qg2-3hjsl/
http://therighthairstyles.com/30-great-short-hairstyles-for-black-women/;"#11: Black Curls of Softness";"Short hairstyles for black women can vary in texture and type - in this example we see soft, controlled curls that are obtained through a hair relaxer followed by hot rollers or a large barreled curling iron.";http://i0.wp.com/therighthairstyles.com/wp-content/uploads/2013/11/1-curly-black-pixie.jpg?resize=500%2C507;"Curly Black Pixie";https://www.instagram.com/p/87GcfYjlwk/
http://therighthairstyles.com/30-great-short-hairstyles-for-black-women/;"#12: Short Dramatic Edging";"Beautiful hair isn't always sweet and orderly - if you like a bit of an edge to your style, why not add some actual edges? This hairdo features a long, pointed tip at the nape of the neck, as well as curved edges at the ear line and choppy layers up top.";http://i1.wp.com/therighthairstyles.com/wp-content/uploads/2013/11/2-short-black-haircut-with-highlights.jpg?resize=500%2C500;"Short Black Haircut With Highlights";https://www.instagram.com/p/-7NMS2LWPk/
http://therighthairstyles.com/30-great-short-hairstyles-for-black-women/;"#13: Varied Lengths for Short Hair";"Black hair styles are too clichÃ© at times - so next time you visit your salon, go for something more sophisticated and modern. This curly 'do brings some overall softness without the hassle of long or high maintenance hair.";http://i1.wp.com/therighthairstyles.com/wp-content/uploads/2013/11/3-african-american-curly-messy-pixie.jpg?resize=500%2C576;"African American Curly Messy Pixie";https://www.instagram.com/p/BB41wKDPWmq/
http://therighthairstyles.com/30-great-short-hairstyles-for-black-women/;"#14: Front and Forward";"Show off your assertive side with this sassy cut that trumps all other short black hairstyles. Get your hair relaxed or go with a stylish short weave to get this soft yet not-too-curly look that will give you confidence each and every day.";http://i2.wp.com/therighthairstyles.com/wp-content/uploads/2013/11/4-choppy-black-pixie-haircut.jpg?resize=500%2C500;"Choppy Black Pixie Haircut";https://www.instagram.com/p/6X-nkuLWCj/
http://therighthairstyles.com/30-great-short-hairstyles-for-black-women/;"#15: Short Hairstyle for Thin Hair";"For every black girl with thick hair, there are several ones with thin, weaker strands. Short styles can give thinner locks a boost and look just as lovely as long hair.";http://i0.wp.com/therighthairstyles.com/wp-content/uploads/2013/11/5-sideparted-pixie-bob-for-black-women.jpg?resize=500%2C500;"Side-Parted Pixie Bob For Black Women";https://www.instagram.com/p/BCQfN99KzUg/
http://therighthairstyles.com/30-great-short-hairstyles-for-black-women/;"#16: Embracing Short Natural Curl";"Going natural is very popular right now with black women, but sometimes it isn't realistic for all. It requires a lot of maintenance and isn't always very functional for certain vocations. If you love the idea of natural hair but struggle to sport it yourself, go for a short and cropped version like this cute style.";http://i0.wp.com/therighthairstyles.com/wp-content/uploads/2013/11/6-african-american-side-part-pixie.jpg?resize=500%2C524;"African American Side Part Pixie";https://www.instagram.com/p/_h-pleTbSj/
http://therighthairstyles.com/30-great-short-hairstyles-for-black-women/;"#17: Faux Hawk Inspired Short Haircut";"Punk out with this fun and free hairstyle that looks great on women of different ages. Short haircuts for black women don't have to be by the book - instead, have a good time and wear hair that loves life as much as you do.";http://i1.wp.com/therighthairstyles.com/wp-content/uploads/2013/11/7-black-mohawk-pixie-hairstyle.jpg?resize=500%2C500;"Black Mohawk Pixie Hairstyle";https://www.instagram.com/p/-6d2NcNUtc/
http://therighthairstyles.com/30-great-short-hairstyles-for-black-women/;"#18: Color Pop on Short Hair";"Say goodbye to short hair that follows the rules - today's black females love to mix it up with both bold styles and colors. This color contrast of a deep burgundy and a more attention-getting orange will light up any room.";http://i0.wp.com/therighthairstyles.com/wp-content/uploads/2013/11/8-african-american-short-undercut-for-women.jpg?resize=500%2C525;"African American Short Undercut For Women";https://www.instagram.com/p/9OjGH6jl4l/
http://therighthairstyles.com/30-great-short-hairstyles-for-black-women/;"#19: Curly Pixie with Long Feathery Bangs";"Shy girls rejoice! Here is a hairstyle that is still short and easy to maintain without revealing all of your secrets. These long bangs graze past the eyes to keep the introverted side of your personality comfortable, while also exuding an aura of mystery that will be attractive to everyone who sees you.";http://i2.wp.com/therighthairstyles.com/wp-content/uploads/2013/11/9-short-black-hairstyle-with-blue-highlights.jpg?resize=500%2C500;"Short Black Hairstyle With Blue Highlights";https://www.instagram.com/p/BCnRi2GMz7f/
http://therighthairstyles.com/30-great-short-hairstyles-for-black-women/;"#20: Perfectly Coifed Short Black Hair";"A modern take on 1950s haircuts, this is one example of the sophisticated hairstyles for black women that are available from today's stylists. The hair is relaxed and then cut at an angle that's just long enough to be tucked behind the ear. A stylish swoop of front bangs brightens the eyes.";http://i1.wp.com/therighthairstyles.com/wp-content/uploads/2013/11/10-sleek-black-bob-hairstyle.jpg?resize=500%2C515;"Sleek Black Bob Hairstyle";https://www.instagram.com/p/BGdeuYVoGCK/
http://therighthairstyles.com/30-great-short-hairstyles-for-black-women/;"#21: Short and Silver";"Black women transform into silver foxes when hair is colored platinum blonde with a hint of metallic shine. Black short hair doesn't have to commit to a homegrown color - think outside of the box and go grey, silver or white for a fun new take on life.";http://i2.wp.com/therighthairstyles.com/wp-content/uploads/2013/11/11-ash-blonde-pixie-bob-for-black-women.jpg?resize=500%2C543;"Ash Blonde Pixie Bob For Black Women";https://www.instagram.com/p/BFXM9UwpNTH/
http://therighthairstyles.com/30-great-short-hairstyles-for-black-women/;"#22: Short Haircut with Chopped Layers";"Simply brushed back and cut close, this is one African American haircut that is not only lovely but convenient too. You'll love how easy it is to get ready in the morning, not to mention the money you'll save with a quick trim at regular salon appointments instead of paying for a fancy weave.";http://i2.wp.com/therighthairstyles.com/wp-content/uploads/2013/11/12-short-choppy-black-pixie.jpg?resize=500%2C500;"Short Choppy Black Pixie";https://www.instagram.com/p/42vRI4zbQx/
http://therighthairstyles.com/30-great-short-hairstyles-for-black-women/;"#23: Spikes and Curls";"Short black hairstyles can come with many personalities - is yours a bit on the wild side? Using a high quality hair product, this 'do is created through finger combed spikes and curls that stay strong all day.";http://i2.wp.com/therighthairstyles.com/wp-content/uploads/2013/11/13-black-curly-pixie-fauxhawk.jpg?resize=500%2C500;"Black Curly Pixie Fauxhawk";https://www.instagram.com/p/BFVMEhwAoTS/
http://therighthairstyles.com/30-great-short-hairstyles-for-black-women/;"#24: Short Hairstyle for Summer";"When warm weather hits, consider chopping your locks. Not only is your hair totally beach ready, but you will give off a laid back summer vibe that will be envied.";http://i0.wp.com/therighthairstyles.com/wp-content/uploads/2013/11/14-womens-short-side-part-hairstyle.jpg?resize=500%2C500;"Women's Short Side Part Hairstyle";https://www.instagram.com/p/7Ys6JHQ1NV/
http://therighthairstyles.com/30-great-short-hairstyles-for-black-women/;"#25: Varied Lengths in Black Hair";"If your hair is relaxed or naturally straight, there are many different hair cuts you can try. A favorite, however? This brushed forward pixie cut that sprouts long front layers out of the shorter back.";http://i2.wp.com/therighthairstyles.com/wp-content/uploads/2013/11/15-choppy-black-pixie-with-side-bangs.jpg?resize=500%2C500;"Choppy Black Pixie With Side Bangs";https://www.instagram.com/p/BAifj1ZgocD/
http://therighthairstyles.com/30-great-short-hairstyles-for-black-women/;"#26: Shimmer and Shine";"Were you an 80s baby? Do you love throwback looks that aren't seen too often these days? Black people hold the distinct advantage of being able to wear a stunning pop of color in their hair without it looking too bold or brash. This vibrant purple hue will look adorable on both straight and curly hair. When you're browsing ideas of short haircuts for African American women, don't count out some day glo hues that could be a ton of fun.";http://i0.wp.com/therighthairstyles.com/wp-content/uploads/2013/11/16-african-american-purple-pixie.jpg?resize=500%2C500;"African American Purple Pixie";https://www.instagram.com/p/4ApdZGyyFM/
http://therighthairstyles.com/30-great-short-hairstyles-for-black-women/;"#27: Color and Curve";"This curly hairstyle is perfect for women who want to add in a few color accents without going overboard. Adding an undercut with a signature design etched in makes the overall look completely unique.";http://i0.wp.com/therighthairstyles.com/wp-content/uploads/2013/11/17-women-black-undercut-with-curly-top.jpg?resize=500%2C500;"Women Black Undercut With Curly Top";https://www.instagram.com/p/BCifJ7nIGMn/
http://therighthairstyles.com/30-great-short-hairstyles-for-black-women/;"#28: Short Hair with Drama";"Are you a drama queen? Then check out this short style that is perfect for all those ladies out there with big personalities. Still short enough to be manageable, the dramatic long front bangs and the wavy side burns breathe new life into a common style.";http://i0.wp.com/therighthairstyles.com/wp-content/uploads/2013/11/18-tapered-pixie-with-long-side-bangs.jpg?resize=500%2C520;"Tapered Pixie With Long Side Bangs";https://www.instagram.com/p/BD04eKiOCzI/
http://therighthairstyles.com/30-great-short-hairstyles-for-black-women/;"#29: Redheads Have More Fun";"Whoever said that blondes have more fun certainly has never been a redhead. For black women, short hairstyles need to be fun and fancy when pulling off a red or orange hue.";http://i1.wp.com/therighthairstyles.com/wp-content/uploads/2013/11/19-african-american-golden-blonde-pixie.jpg?resize=500%2C500;"African American Golden Blonde Pixie";https://www.instagram.com/p/-W9kqUpFcs/
http://therighthairstyles.com/30-great-short-hairstyles-for-black-women/;"#30: Short Black Perfection";"Count this hairstyle in when you're looking for a change that is both fun and stylish. This coifed cut is ready to party but is also sophisticated enough to wear to the office. Add in some cut in lines on one side for a youthful accent you'll love.";http://i2.wp.com/therighthairstyles.com/wp-content/uploads/2013/11/20-womens-black-side-part-haircut.jpg?resize=500%2C500;"Women's Black Side Part Haircut";https://www.instagram.com/p/BC0tOBkw1MN/
http://therighthairstyles.com/30-great-short-hairstyles-for-black-women/;"#31: Short Look with Added Texture";"Raven is the new black, and this style showcases the understated beauty of black hair, especially short black hair. The look can be dressed down or dressed up. So, adorn yourself with your favorite jewels and paint the town red; or, throw on your favorite sweat pants and cuddle at home.";http://i1.wp.com/therighthairstyles.com/wp-content/uploads/2013/11/15-short-black-haircut-for-women.jpg?w=500;"Short Black Haircut For Women";https://www.instagram.com/p/uWAviShprP/
http://therighthairstyles.com/30-great-short-hairstyles-for-black-women/;"#32: Black and White";"These ebony and ivory strands stand out by themselves, but when worn by stylish black ladies, they take on a new and unique form. Do not hide your exceptional fashion sense, share your glory with the world.";http://i0.wp.com/therighthairstyles.com/wp-content/uploads/2013/11/16-womens-short-black-hairstyle-with-blonde-balayage.jpg?w=500;"Women'S Short Black Hairstyle With Blonde Balayage";https://www.instagram.com/p/3wjLgvOC1C/
http://therighthairstyles.com/30-great-short-hairstyles-for-black-women/;"#33: Black Peacock Tresses";"Although the Peacock species is a class of birds that do not fly, honey, when your stylist hooks you up with these colors - you will fly. While many ladies rocking black short haircuts feature the tapered look, this undercut style with balayage bangs takes on a life of its own and dominates the trend.";http://i1.wp.com/therighthairstyles.com/wp-content/uploads/2013/11/17-short-black-undercut-for-women-with-balayage.jpg?w=500;"Short Black Undercut For Women With Balayage";https://www.instagram.com/p/BBqfvu3goWq/
http://therighthairstyles.com/30-great-short-hairstyles-for-black-women/;"#34: Poseidon Waves Haircut";"If Ursula from the Little Mermaid had got this curly cut perhaps things would have turned out differently for her, as this hairstyle is befitting of a Queen! The drop of copper color makes all the difference in the swirls heading the crown. You will make major waves rocking this do.";http://i1.wp.com/therighthairstyles.com/wp-content/uploads/2013/11/18-black-curly-Mohawk-for-women.jpg?w=500;"Black Curly Mohawk For Women";https://www.instagram.com/p/4UMEZrDl6B/
http://therighthairstyles.com/30-great-short-hairstyles-for-black-women/;"#35: Red Carpet Haircut";"Red carpet ready? Heading to the soccer game? Running errands? This look has got you covered! For black women with busy lifestyles - this is one of those classic chic short cuts that will take you from sun up to sun down and will be ready for the ride the next day too.";http://i1.wp.com/therighthairstyles.com/wp-content/uploads/2013/11/19-short-choppy-haircut-for-thick-hair.jpg?w=500;"Short Choppy Haircut For Thick Hair";https://www.instagram.com/p/_U8_UzOCxe/
http://therighthairstyles.com/30-great-short-hairstyles-for-black-women/;"#36: African American Short Lavender Cut";"African-American short hairstyles can participate in any color trends and win the first prize. This silver lavender pigment creates a welcome stark contrast with the rich bronze tone of the girl's skin tone.  Bold locks are not for the faint of heart. Dare to show your true colors today and forevermore.";http://i1.wp.com/therighthairstyles.com/wp-content/uploads/2013/11/20-short-pastel-purple-hairstyle-for-black-women.jpg?w=500;"Short Pastel Purple Hairstyle For Black Women";https://www.instagram.com/p/zh9eHdBpi3/
http://therighthairstyles.com/30-great-short-hairstyles-for-black-women/;"#37: Blonde Bombshell Haircut";"Who says blonde bombshells have to rock long tresses? A cute pixie cut and simple everyday makeup is more than enough to stir a crowd. Here natural beauty is brought to the forefront with the hairstyle leading the way. Shine on.";http://i0.wp.com/therighthairstyles.com/wp-content/uploads/2013/11/6-African-American-golden-blonde-pixie.jpg?w=500;"African American Golden Blonde Pixie";https://www.instagram.com/p/k-qyXrhjr3/
http://therighthairstyles.com/30-great-short-hairstyles-for-black-women/;"#38: When Doves Fly Hairstyle";"Give the folks passing by a show with this curly take on the modern day long curly pixie. The classy style is upgraded to the elite status with the off blonde color - a daring dye for any black girl.";http://i2.wp.com/therighthairstyles.com/wp-content/uploads/2013/11/7-blonde-curly-pixie-for-African-American-women.jpg?w=500;"Blonde Curly Pixie For African American Women";https://www.instagram.com/p/6wOFkhOCxA/
http://therighthairstyles.com/30-great-short-hairstyles-for-black-women/;"#39: Raven Haircut";"Short black hairstyles are probably no less versatile than longer 'dos. You can't complete much of braiding with this length, but when it comes to texture, you may try spikes, curls, waves, feathers, and look different each time!";http://i2.wp.com/therighthairstyles.com/wp-content/uploads/2013/11/8-spiky-black-pixie.jpg?w=500;"Spiky Black Pixie";https://www.instagram.com/p/73x16oOC6_/
http://therighthairstyles.com/30-great-short-hairstyles-for-black-women/;"#40: Short Feathered Cut";"Unleash and release the exotic in you. This tapered cockatoo inspired style will have you turning heads.  Your windswept tresses will not only defy gravity but hold the attention of anyone and everyone around you.";http://i2.wp.com/therighthairstyles.com/wp-content/uploads/2013/11/10-blonde-pixie-for-black-women.jpg?w=500;"Blonde Pixie For Black Women";https://www.instagram.com/p/nmSKWzBpuT/
http://therighthairstyles.com/30-great-short-hairstyles-for-black-women/;"#41: Backswept Feathers";"Short hairstyles for African American women are always very impressive in texture, and this one is not an exception. It's a nice idea of how you can style an updo-like look for short hair. Top it off with some gorgeous sparkly studs.";http://i2.wp.com/therighthairstyles.com/wp-content/uploads/2013/11/20-short-layered-hairstyle-for-black-women.jpg?w=500;"short layered hairstyle for black women";https://instagram.com/p/3xOO-GvIqt/
http://therighthairstyles.com/30-great-short-hairstyles-for-black-women/;"#42: Purple and Gold";"Light golden brown is a very soft and delicate color that flatters medium skin tones. Some women think it's too subtle, but you can always spice things up with a temporary color, like this pastel purple, for instance, or any other shade of your choice. ";http://i1.wp.com/therighthairstyles.com/wp-content/uploads/2013/11/19-short-layered-bob-for-African-American-women.jpg?w=500;"short layered bob for African American women";https://instagram.com/p/8cJDlQkEIE/
http://therighthairstyles.com/30-great-short-hairstyles-for-black-women/;"#43: Chocolate Caramel Swirl";"One of the best color combos for black short haircuts is caramel and chocolate because they blend well together and they warm and brighten golden brown complexions. Make sure to keep your roots dark so that the color looks good even when your cut grows out. ";http://i1.wp.com/therighthairstyles.com/wp-content/uploads/2013/11/18-curly-top-short-hairstyle-for-black-women.jpg?w=500;"curly top short hairstyle for black women";https://instagram.com/p/7-4NE3pCfN/
http://therighthairstyles.com/30-great-short-hairstyles-for-black-women/;"#44: Shapely Waves";"One of the best ways to add body to hairstyles for black women, especially those with relaxed hair, is with a heavy dose of texture. It's best to keep your hair dark because solid black hair is better able to show off every curve in your waves. ";http://i0.wp.com/therighthairstyles.com/wp-content/uploads/2013/11/15-short-black-wavy-hairstyle.jpg?w=500;"short black wavy hairstyle";https://instagram.com/p/4kvCf8PIsY/
http://therighthairstyles.com/30-great-short-hairstyles-for-black-women/;"#45: Strike a Pose";"Muted golden blonde hair looks ravishing on black ladies because it picks up on the warm undertones in their complexion. Some of the best complementary shades are the ones with gold and bronze bases. Make sure to style a bright and bold look to compliment those statement-making shades. ";http://i1.wp.com/therighthairstyles.com/wp-content/uploads/2013/11/7-dark-blonde-curly-hairstyle-for-black-women.jpg?w=500;"dark blonde curly hairstyle for black women";https://instagram.com/p/7ILapwH9uB/
http://therighthairstyles.com/30-great-short-hairstyles-for-black-women/;"#46: Spirited Spirals";"One of the easiest ways to achieve defined curls within short haircuts for black women is by using flexi-rods. While many hot curling irons may be too big to style tight ringlets, the rods can easily cope with the task. Bold magenta accents will make them really stand out. ";http://i0.wp.com/therighthairstyles.com/wp-content/uploads/2013/11/6-short-curly-hairstyle-for-African-American-women.jpg?w=500;"short curly hairstyle for African American women";https://instagram.com/p/8WaLX7hTN7/
http://therighthairstyles.com/30-great-short-hairstyles-for-black-women/;"#47: Beautiful Arched Bangs";"A bob with bangs will always be a classic and stylish cut. But, if you want to make your look truly exciting, try upgrading it with bold makeup. Multi-colored eye shadow and pretty purple lips will surely do the trick. ";http://i2.wp.com/therighthairstyles.com/wp-content/uploads/2013/11/5-layered-bob-with-long-straight-bangs.jpg?w=500;"layered bob with long straight bangs";https://instagram.com/p/67kblJImo5/
http://therighthairstyles.com/30-great-short-hairstyles-for-black-women/;"#48: Waves of Amber";"One of the queens of 'slaying' a short haircut is none other than Rihanna. Because of this, she constantly serves as inspiration for women flocking to a stylist's chair. This swirled style in a vibrant reddish-brown tone is one of the singer's best and most popular looks. ";http://i2.wp.com/therighthairstyles.com/wp-content/uploads/2013/11/10-chestnut-brown-short-curly-hairstyle.jpg?w=500;"chestnut brown short curly hairstyle";https://instagram.com/p/8dYHd7Q1FH/
http://therighthairstyles.com/30-great-short-hairstyles-for-black-women/;"#49: Fabulous Faux Hawk";"A Mohawk is always an edgy and exciting look–but let's be honest–it's not for everyone. It takes a lot of guts to shave your head to achieve the full look. Plus, it doesn't flatter everyone. A faux option gives the similar effect without the serious commitment. ";http://i2.wp.com/therighthairstyles.com/wp-content/uploads/2013/11/11-short-black-fauxhawk-for-women.jpg?w=500;"short black fauxhawk for women";https://instagram.com/p/6U-r3szDul/
http://therighthairstyles.com/30-great-short-hairstyles-for-black-women/;"#50: Striped and Short";"Black and white patterns usually conjure up memories of a zebra, but within black women hairstyles it can look surprisingly fresh and cool. This is perfect for mature women who are going grey and want to sport a hairstyle that looks appropriate, quite natural and stylish at the same time. ";http://i1.wp.com/therighthairstyles.com/wp-content/uploads/2013/11/12-short-layered-black-pixie-with-blonde-feathers.jpg?w=500;"short layered black pixie with blonde feathers";https://instagram.com/p/8J2l07uBbR/
http://therighthairstyles.com/30-great-short-hairstyles-for-black-women/;"#51: Red Ringlets";"Naturally curly short black hair needs a cut that provides a shape and structure to the tendrils. By having it tapered towards the neck, you can maintain a cropped look, but still have a nice length above. ";http://i1.wp.com/therighthairstyles.com/wp-content/uploads/2013/11/13-short-red-perm-hair.jpg?w=500;"short red perm hair";https://instagram.com/p/5-xEv6OKrJ/
http://therighthairstyles.com/30-great-short-hairstyles-for-black-women/;"#52: Vintage Vision";"Pixie cuts are great because they have the ability to look classy or edgy depending on how you style them. This look veers more towards polished because of its vintage inspired texture; ideal for a woman who enjoys drawing inspiration from the past decades.";http://i0.wp.com/therighthairstyles.com/wp-content/uploads/2013/11/14-short-black-haircut.jpg?w=500;"short black haircut";https://instagram.com/p/8dZFnJw1HO/
http://therighthairstyles.com/30-great-short-hairstyles-for-black-women/;"#53: Cutie with Curls";"Ladies with round faces may be apprehensive about sporting cropped cuts because of the fear that they will look wide. To prevent this, even out your hairdo by keeping the middle long. It will add an extra height and instantly slim your visage. ";http://i2.wp.com/therighthairstyles.com/wp-content/uploads/2013/11/4-long-top-short-sides-natural-hairstyle-for-women.jpg?w=500;"long top short sides natural hairstyle for women";https://instagram.com/p/8HVEzUCKVq/
http://therighthairstyles.com/30-great-short-hairstyles-for-black-women/;"#54: Chocolate Chin-Length Cut";"An angled bob is a good choice for women with chemically straightened hair because it provides fullness, thickness and a beautiful silhouette. Incorporating a deep heavy side bang keeps it modern, but it also pulls double duty by helping to elongate faces. ";http://i0.wp.com/therighthairstyles.com/wp-content/uploads/2013/11/17-chocolate-brown-layered-bob.jpg?w=500;"chocolate brown layered bob";https://instagram.com/p/8Q7pVutfXZ/
http://therighthairstyles.com/30-great-short-hairstyles-for-black-women/;"#55: Modern Mohawk";"Some of the most swoon-worthy short hairstyles for black women feature a balance of design elements. Incorporating equal parts of rocker and chic, this look is the perfect blend of hard and soft for a memorable and high fashion hairstyle. ";http://i0.wp.com/therighthairstyles.com/wp-content/uploads/2013/11/3-short-natural-fauxhak-for-women.jpg?w=500;"short natural fauxhak for women";https://instagram.com/p/6x8BKfRP6j/
http://therighthairstyles.com/30-great-short-hairstyles-for-black-women/;"#56: Dramatic Designs";"When you are rocking an undercut, it can be hard to incorporate interesting elements while wearing the same exact style every day. The key is to work with color and designs to create a unique look. The best part is that you can easily dye or grow out your hair for a completely different hairdo the next time around. ";http://i1.wp.com/therighthairstyles.com/wp-content/uploads/2013/11/1-short-blonde-afro-undercut-for-women.jpg?w=500;"short blonde afro undercut for women";https://instagram.com/p/4EeGl5xP-r/
http://therighthairstyles.com/30-great-short-hairstyles-for-black-women/;"#57: Short Black Round Curled Pixie";"Short hair is not an excuse to stop your styling experiments with beautiful and unusual hair textures. These tight circular curls remind round brushstrokes which look amazing with the high shine finish. Something like this can be easily pulled off with a length of a short pixie.";http://i1.wp.com/therighthairstyles.com/wp-content/uploads/2013/11/57-African-American-curly-pixie.jpg?resize=500%2C510;"African American Curly Pixie";https://www.instagram.com/p/BF7MOa7R0Fk/
http://therighthairstyles.com/30-great-short-hairstyles-for-black-women/;"#58: Choppy Pixie with Jagged Ends";"Black women who do not shy away from extra short lengths should try a choppy pixie like this. Not only is it very cute in texture and silhouette, it's one of those no-styling-needed hairstyles we all dream to wear and look good. Short haircuts for black women are meant for such effortless looks.";http://i1.wp.com/therighthairstyles.com/wp-content/uploads/2013/11/58-short-black-pixie-haircut.jpg?resize=500%2C506;"Short Black Pixie Haircut";https://www.instagram.com/p/-MsF7GQ1GD/
http://therighthairstyles.com/30-great-short-hairstyles-for-black-women/;"#59: Black Funky Tricolor Pixie";"If a chic texture isn't just enough for you, resort to the great potential of modern hair color. Mixing natural black, chocolate brown and golden blonde via the most popular today balayage coloristic technique creates a black short hair style that's anything but common.";http://i1.wp.com/therighthairstyles.com/wp-content/uploads/2013/11/59-black-pixie-with-chocolate-and-blonde-bangs.jpg?resize=500%2C500;"Black Pixie With Chocolate And Blonde Bangs";https://www.instagram.com/p/_pYAoLIGMN/
http://therighthairstyles.com/30-great-short-hairstyles-for-black-women/;"#60: Tousled Pixie With Layered Bangs";"Short hairstyle for black women can be neatly styled or messy, depending on the occasion and outfit planning. Curly, straight, or just slightly wavy and tousled - the choice is yours.  This classy pixie boasts a tapered silhouette and messy, voluminous bangs brushed forward roughly, as if tousled by the wind. That's a beautiful hairstyle, full of life and motion for a girl on the go.";http://i2.wp.com/therighthairstyles.com/wp-content/uploads/2013/11/60-messy-black-pixie-with-bangs.jpg?resize=500%2C500;"Messy Black Pixie With Bangs";https://www.instagram.com/p/4YCQpMAoew/
